{"cameraMode":{"drawMode":0,"name":"Shaded","section":"Shading Mode"},"sceneLighting":true,"audioPlay":false,"sceneViewState":{"showFog":true,"showMaterialUpdate":false,"showSkybox":true,"showFlares":true,"showImageEffects":true,"showParticleSystems":true},"in2DMode":false,"pivot":{"x":65.86570739746094,"y":2.699758529663086,"z":39.14718246459961},"rotation":{"x":-0.008325307630002499,"y":0.6831313967704773,"z":0.007790506351739168,"w":0.7302104234695435},"size":10.0,"orthographic":false}